System_Time,Uptime(ms),Temp,Humidity,PM2.5,PM10,NO2,CO
05-11-2025 19:49,41.32,29.8,49,90,106,0.51,0.22
05-11-2025 19:49,56.43,28.1,49,90,106,0.4,0.17
05-11-2025 19:49,71.53,28,48,87,103,0.33,0.12
05-11-2025 19:50,86.64,28.3,48,87,103,0.28,0.1
05-11-2025 19:50,101.75,28,48,87,103,0.26,0.1
05-11-2025 19:50,116.86,28.4,47,89,104,0.23,0.09
05-11-2025 19:50,131.96,28.1,47,89,104,0.22,0.09
05-11-2025 19:51,147.07,28.3,47,89,104,0.2,0.08
05-11-2025 19:51,162.18,28.8,47,99,115,0.2,0.09
05-11-2025 19:51,177.28,28.9,47,99,115,0.18,0.08
05-11-2025 19:51,192.39,28.3,48,99,114,0.18,0.08
05-11-2025 19:52,207.5,28.6,48,108,127,0.17,0.07
05-11-2025 19:52,222.61,28.6,47,108,124,0.17,0.06
05-11-2025 19:52,237.71,28,47,109,130,0.16,0.07
05-11-2025 19:52,252.82,28.9,47,109,130,0.16,0.06
05-11-2025 19:53,267.93,28.1,48,107,126,0.15,0.06
05-11-2025 19:53,283.04,27.2,48,107,129,0.15,0.06
05-11-2025 19:53,298.14,27.8,48,112,135,0.15,0.06
05-11-2025 19:53,313.25,27.2,48,110,132,0.14,0.06
05-11-2025 19:54,328.36,27.9,48,108,128,0.14,0.06
05-11-2025 19:54,343.46,27.2,48,108,128,0.14,0.06
05-11-2025 19:54,358.57,27.1,48,110,132,0.14,0.05
05-11-2025 19:54,373.68,27.8,48,107,122,0.14,0.06
05-11-2025 19:55,388.79,27.2,48,107,127,0.13,0.06
05-11-2025 19:55,403.89,27.5,48,108,128,0.13,0.05
05-11-2025 19:55,419,27.9,48,111,130,0.13,0.06
05-11-2025 19:55,434.11,27.3,48,107,125,0.12,0.05
05-11-2025 19:56,449.21,27.1,48,109,124,0.13,0.06
05-11-2025 19:56,464.32,27.9,48,111,130,0.13,0.05
05-11-2025 19:56,479.43,27.3,48,110,134,0.13,0.06
05-11-2025 19:56,494.54,27.3,48,109,133,0.12,0.06
05-11-2025 19:57,509.64,27.6,48,109,129,0.12,0.04
05-11-2025 19:57,524.75,27.4,48,108,127,0.12,0.06
05-11-2025 19:57,539.86,27.1,48,108,127,0.12,0.05
05-11-2025 19:57,554.96,27.9,48,110,129,0.12,0.06
05-11-2025 19:58,570.07,27.6,48,109,125,0.12,0.06
05-11-2025 19:58,585.18,27.6,48,109,126,0.11,0.04
05-11-2025 19:58,600.29,27.8,48,112,131,0.12,0.06
05-11-2025 19:58,615.39,27.1,48,112,132,0.12,0.05
05-11-2025 19:59,630.5,27.8,48,112,132,0.12,0.06
05-11-2025 19:59,645.61,27.1,48,109,122,0.11,0.05
05-11-2025 19:59,660.71,27.6,48,109,122,0.11,0.05
05-11-2025 19:59,675.82,27.9,48,109,123,0.11,0.05
05-11-2025 20:00,690.93,27.3,48,113,128,0.11,0.05
05-11-2025 20:00,706.03,27,48,113,129,0.11,0.06
05-11-2025 20:00,721.14,27.7,48,113,133,0.11,0.04
05-11-2025 20:00,736.25,27.3,48,111,126,0.11,0.06
05-11-2025 20:01,751.36,27.2,48,118,137,0.11,0.04
05-11-2025 20:01,766.47,27.5,48,118,138,0.11,0.06
05-11-2025 20:01,781.57,27.6,48,117,138,0.11,0.05
05-11-2025 20:02,796.68,27.9,48,115,132,0.11,0.04
05-11-2025 20:02,811.79,27.2,48,115,131,0.11,0.06
05-11-2025 20:02,826.9,27.4,48,116,135,0.11,0.05
05-11-2025 20:02,842,27,48,115,133,0.11,0.06
05-11-2025 20:03,857.11,27.5,48,115,133,0.1,0.04
05-11-2025 20:03,872.22,27,48,115,133,0.11,0.05
05-11-2025 20:03,887.32,27.5,48,110,128,0.11,0.05
05-11-2025 20:03,902.43,27,48,109,127,0.1,0.05
05-11-2025 20:04,917.54,27.3,48,108,127,0.1,0.06
05-11-2025 20:04,932.65,27.9,48,112,130,0.1,0.05
05-11-2025 20:04,947.75,27.1,48,112,130,0.1,0.05
05-11-2025 20:04,962.86,27.4,48,113,132,0.1,0.06
05-11-2025 20:05,977.97,27,48,115,135,0.1,0.04
05-11-2025 20:05,993.08,27.6,48,114,131,0.1,0.05
05-11-2025 20:05,1008.18,27.1,48,118,137,0.1,0.04
05-11-2025 20:05,1023.29,27.8,48,115,133,0.1,0.06
05-11-2025 20:06,1038.4,27.2,48,119,134,0.1,0.04
05-11-2025 20:06,1053.51,27.6,48,117,132,0.1,0.06
05-11-2025 20:06,1068.61,27,49,116,132,0.11,0.06
05-11-2025 20:06,1083.72,27.9,49,118,138,0.11,0.05
05-11-2025 20:07,1098.83,27.9,49,117,133,0.11,0.06
05-11-2025 20:07,1113.94,27.8,49,117,133,0.11,0.04
05-11-2025 20:07,1129.05,27.9,48,115,130,0.11,0.06
05-11-2025 20:07,1144.15,27.2,48,115,130,0.11,0.04
05-11-2025 20:08,1159.26,27.4,48,116,131,0.11,0.04
05-11-2025 20:08,1174.37,27,48,117,131,0.1,0.06
05-11-2025 20:08,1189.47,27,48,118,133,0.1,0.05
05-11-2025 20:08,1204.58,27.8,48,119,134,0.1,0.05
05-11-2025 20:09,1219.69,27.2,48,124,148,0.1,0.04
05-11-2025 20:09,1234.8,27.3,48,124,148,0.1,0.05
05-11-2025 20:09,1249.9,27.1,48,120,139,0.1,0.05
05-11-2025 20:09,1265.01,27.6,48,120,144,0.1,0.05
05-11-2025 20:10,1280.12,27.8,48,119,140,0.1,0.06
05-11-2025 20:10,1295.23,27.4,48,119,140,0.1,0.04
05-11-2025 20:10,1310.34,27.7,48,118,141,0.1,0.05
05-11-2025 20:10,1325.44,27.2,48,120,144,0.1,0.04
05-11-2025 20:11,1340.55,27.6,48,120,144,0.1,0.06
05-11-2025 20:11,1355.66,27.9,48,122,144,0.1,0.05
05-11-2025 20:11,1370.76,27.3,48,122,144,0.1,0.04
05-11-2025 20:11,1385.87,27.9,48,121,141,0.1,0.06
05-11-2025 20:12,1400.98,27.3,48,120,137,0.1,0.05
05-11-2025 20:12,1416.09,27.8,48,116,133,0.1,0.06
05-11-2025 20:12,1431.2,27.2,48,119,138,0.1,0.04
05-11-2025 20:12,1446.3,27.6,48,120,138,0.1,0.05
05-11-2025 20:13,1461.41,27.8,48,120,139,0.09,0.05
05-11-2025 20:13,1476.52,27,48,119,140,0.09,0.06
05-11-2025 20:13,1491.63,27.4,48,123,147,0.1,0.04
05-11-2025 20:13,1506.73,27.9,48,120,142,0.09,0.05
05-11-2025 20:14,1521.84,27.2,48,118,138,0.09,0.05
05-11-2025 20:14,1536.95,27.5,48,118,141,0.09,0.05
05-11-2025 20:14,1552.06,27,48,119,141,0.09,0.05
05-11-2025 20:14,1567.16,27.7,48,121,145,0.09,0.05
05-11-2025 20:15,1582.27,27.3,48,120,144,0.09,0.04
05-11-2025 20:15,1597.38,27.9,48,114,135,0.09,0.05
05-11-2025 20:15,1612.49,27.2,48,115,137,0.09,0.05
05-11-2025 20:15,1627.6,27.6,48,116,139,0.09,0.06
05-11-2025 20:16,1642.7,27.8,48,119,138,0.09,0.04
05-11-2025 20:16,1657.81,27.9,48,119,138,0.09,0.06
05-11-2025 20:16,1672.92,27.1,48,120,139,0.09,0.04
05-11-2025 20:16,1688.02,27.5,48,119,139,0.09,0.06
05-11-2025 20:17,1703.13,27.1,48,117,136,0.09,0.05
05-11-2025 20:17,1718.24,27.5,48,118,136,0.09,0.05
05-11-2025 20:17,1733.35,27,48,120,137,0.09,0.06
05-11-2025 20:17,1748.45,27.4,48,118,143,0.09,0.05
05-11-2025 20:18,1763.56,27.8,48,118,143,0.09,0.06
05-11-2025 20:18,1778.67,27.2,48,120,143,0.09,0.05
05-11-2025 20:18,1793.78,27.6,48,119,140,0.09,0.05
05-11-2025 20:18,1808.88,27.3,48,123,147,0.09,0.05
05-11-2025 20:19,1823.99,27.8,48,123,147,0.09,0.04
05-11-2025 20:19,1839.1,27.5,48,123,145,0.09,0.06
05-11-2025 20:19,1854.2,27.8,48,121,144,0.09,0.05
05-11-2025 20:19,1869.31,27.4,48,119,141,0.09,0.05
05-11-2025 20:20,1884.42,27.7,48,121,146,0.09,0.06
05-11-2025 20:20,1899.53,27.8,48,122,144,0.09,0.06
05-11-2025 20:20,1914.63,27.7,48,121,144,0.09,0.06
05-11-2025 20:20,1929.74,27,47,124,146,0.09,0.05
05-11-2025 20:21,1944.85,27.6,47,123,146,0.09,0.06
05-11-2025 20:21,1959.95,27.5,47,125,147,0.09,0.05
05-11-2025 20:21,1975.06,27.2,47,124,146,0.09,0.05
05-11-2025 20:21,1990.17,27.1,47,124,142,0.09,0.06
05-11-2025 20:22,2005.28,27.8,48,124,142,0.09,0.05
05-11-2025 20:22,2020.38,27.6,48,124,142,0.09,0.05
05-11-2025 20:22,2035.49,27.5,47,124,142,0.09,0.05
05-11-2025 20:22,2050.6,27.3,48,124,141,0.09,0.05
05-11-2025 20:23,2065.7,27.6,47,123,142,0.09,0.04
05-11-2025 20:23,2080.81,27.5,48,124,140,0.09,0.06
05-11-2025 20:23,2095.92,27.4,48,123,140,0.09,0.05
05-11-2025 20:23,2111.02,27.1,47,123,142,0.09,0.05
05-11-2025 20:24,2126.13,27.5,47,123,142,0.09,0.06
05-11-2025 20:24,2141.24,27.2,47,126,146,0.09,0.04
05-11-2025 20:24,2156.35,27.7,47,124,143,0.09,0.06
05-11-2025 20:24,2171.46,27,47,123,142,0.09,0.05
05-11-2025 20:25,2186.56,27.5,47,125,147,0.09,0.05
05-11-2025 20:25,2201.67,27.8,48,124,146,0.09,0.06
05-11-2025 20:25,2216.78,27.6,47,125,148,0.09,0.05
05-11-2025 20:25,2231.89,27,47,125,148,0.09,0.05
05-11-2025 20:26,2246.99,27.4,47,124,147,0.09,0.05
05-11-2025 20:26,2262.1,27,48,123,144,0.09,0.06
05-11-2025 20:26,2277.21,27,48,124,146,0.1,0.05
05-11-2025 20:26,2292.31,27.4,48,123,149,0.09,0.05
05-11-2025 20:27,2307.42,27.9,48,123,149,0.09,0.06
05-11-2025 20:27,2322.53,27.2,48,124,150,0.09,0.04
05-11-2025 20:27,2337.64,27.5,48,128,154,0.09,0.06
05-11-2025 20:27,2352.74,27.9,47,128,154,0.09,0.05
05-11-2025 20:28,2367.85,27.8,47,126,151,0.09,0.06
05-11-2025 20:28,2382.96,27.2,47,126,144,0.09,0.06
05-11-2025 20:28,2398.06,27.8,47,126,143,0.09,0.05
05-11-2025 20:28,2413.17,27.6,47,125,145,0.09,0.06
05-11-2025 20:29,2428.28,27.9,47,125,145,0.09,0.05
05-11-2025 20:29,2443.39,27.2,47,126,142,0.09,0.06
05-11-2025 20:29,2458.49,27.5,47,125,144,0.09,0.04
05-11-2025 20:29,2473.6,27.8,47,125,144,0.09,0.06
05-11-2025 20:30,2488.71,27.1,47,130,149,0.08,0.06
05-11-2025 20:30,2503.81,27.6,47,130,148,0.09,0.04
05-11-2025 20:30,2518.92,27.3,47,129,150,0.09,0.06
05-11-2025 20:30,2534.03,27.5,47,129,150,0.09,0.05
05-11-2025 20:31,2549.14,27.4,47,125,150,0.09,0.06
05-11-2025 20:31,2564.24,27.3,47,123,144,0.09,0.05
05-11-2025 20:31,2579.35,27.5,47,125,145,0.09,0.05
05-11-2025 20:31,2594.46,27.7,47,128,149,0.09,0.06
05-11-2025 20:32,2609.57,27.6,47,129,147,0.09,0.06
05-11-2025 20:32,2624.67,27.9,47,129,148,0.09,0.06
05-11-2025 20:32,2639.78,27.8,47,128,148,0.09,0.06
05-11-2025 20:32,2654.89,27.1,47,129,145,0.09,0.06
05-11-2025 20:33,2669.99,27.8,47,129,146,0.08,0.06
05-11-2025 20:33,2685.1,27,47,132,150,0.09,0.05
05-11-2025 20:33,2700.21,27.4,47,128,148,0.09,0.06
05-11-2025 20:33,2715.31,27.8,47,128,149,0.08,0.06
05-11-2025 20:34,2730.42,27.3,47,126,144,0.09,0.06
05-11-2025 20:34,2745.53,27.2,47,126,144,0.08,0.05
05-11-2025 20:34,2760.64,27.4,47,126,144,0.08,0.06
05-11-2025 20:34,2775.74,27.1,47,130,149,0.07,0.04
05-11-2025 20:35,2790.85,27.4,47,130,149,0.08,0.06
05-11-2025 20:35,2805.96,27.4,47,130,149,0.08,0.06
05-11-2025 20:35,2821.06,27.2,47,128,148,0.08,0.05
05-11-2025 20:35,2836.17,27.2,47,128,148,0.08,0.06
05-11-2025 20:36,2851.28,27.8,47,130,151,0.08,0.05
05-11-2025 20:36,2866.39,27.4,47,131,150,0.08,0.05
05-11-2025 20:36,2881.49,27.8,47,130,149,0.08,0.05
05-11-2025 20:37,2896.6,27.2,47,130,149,0.08,0.06
05-11-2025 20:37,2911.71,27.8,47,128,147,0.08,0.06
05-11-2025 20:37,2926.82,27.5,47,130,151,0.08,0.05
05-11-2025 20:37,2941.92,27.4,47,130,151,0.08,0.06
05-11-2025 20:38,2957.03,27.8,47,134,149,0.08,0.05
05-11-2025 20:38,2972.14,27.5,47,132,147,0.08,0.05
05-11-2025 20:38,2987.24,27.4,47,131,145,0.08,0.05
05-11-2025 20:38,3002.35,27.7,47,131,145,0.08,0.05
05-11-2025 20:39,3017.46,27.2,47,130,153,0.08,0.06
05-11-2025 20:39,3032.57,27.8,47,130,153,0.08,0.05
05-11-2025 20:39,3047.67,27.7,47,130,153,0.08,0.06
05-11-2025 20:39,3062.78,27.4,47,130,151,0.08,0.06
05-11-2025 20:40,3077.89,27,47,130,150,0.08,0.06
05-11-2025 20:40,3093,27.9,47,132,157,0.08,0.06
05-11-2025 20:40,3108.1,27.4,47,134,157,0.08,0.06
05-11-2025 20:40,3123.21,27.3,47,130,148,0.08,0.06
05-11-2025 20:41,3138.32,27.3,47,133,158,0.08,0.05
05-11-2025 20:41,3153.43,27.9,47,131,149,0.08,0.06
05-11-2025 20:41,3168.53,27,47,130,147,0.08,0.04
05-11-2025 20:41,3183.64,27,47,129,148,0.08,0.06
05-11-2025 20:42,3198.75,27.3,47,129,147,0.08,0.06
05-11-2025 20:42,3213.86,27.3,47,128,151,0.08,0.05
05-11-2025 20:42,3228.97,27,47,139,162,0.08,0.06
05-11-2025 20:42,3244.07,27.9,47,132,154,0.08,0.05
05-11-2025 20:43,3259.18,27.7,47,132,153,0.08,0.05
05-11-2025 20:43,3274.29,27,47,129,150,0.08,0.05
05-11-2025 20:43,3289.4,27,47,129,150,0.08,0.06
05-11-2025 21:11,4603.75,26.9,46,144,170,0.07,0.06
05-11-2025 21:12,4996.54,27.3,45,157,182,0.06,0.06
05-11-2025 21:12,5011.65,27.7,45,151,175,0.06,0.06
05-11-2025 21:12,5026.76,26.2,46,154,176,0.06,0.05
05-11-2025 21:12,5041.87,26.8,46,154,176,0.06,0.06
05-11-2025 21:13,5056.97,26.6,46,154,178,0.06,0.05
05-11-2025 21:13,5072.08,26.7,46,154,182,0.06,0.06
05-11-2025 21:13,5087.19,26.5,46,154,183,0.06,0.05
05-11-2025 21:13,5102.29,26.7,46,157,183,0.06,0.06
05-11-2025 21:14,5117.4,26.3,46,156,183,0.06,0.05
05-11-2025 21:14,5132.51,26.3,46,155,182,0.06,0.05
05-11-2025 21:14,5147.62,26.3,46,157,180,0.06,0.07
05-11-2025 21:14,5162.72,26.2,46,157,180,0.06,0.05
05-11-2025 21:15,5177.83,26.5,46,157,183,0.06,0.06
05-11-2025 21:15,5192.94,26.4,46,158,189,0.06,0.05
05-11-2025 21:15,5208.04,26.8,46,158,188,0.06,0.05
05-11-2025 21:15,5223.15,26.4,46,156,182,0.06,0.05
05-11-2025 21:16,5238.26,26,46,156,182,0.06,0.05
05-11-2025 21:16,5253.37,26.8,46,157,180,0.06,0.06
05-11-2025 21:16,5268.47,26.3,46,154,177,0.06,0.04
05-11-2025 21:16,5283.58,26.3,45,154,177,0.06,0.05
05-11-2025 21:17,5298.69,26.3,45,156,177,0.06,0.05
05-11-2025 21:17,5313.8,26.4,45,153,175,0.06,0.05
05-11-2025 21:17,5328.9,26.9,45,155,180,0.06,0.05
05-11-2025 21:17,5344.01,26,45,156,182,0.06,0.05
05-11-2025 21:18,5359.12,26.7,46,156,181,0.06,0.05
05-11-2025 21:18,5374.23,26.1,45,157,179,0.06,0.05
05-11-2025 21:18,5389.33,26.9,45,156,184,0.06,0.06
05-11-2025 21:18,5404.44,26.2,45,156,180,0.06,0.05
05-11-2025 21:19,5419.55,26.9,45,153,176,0.06,0.05
05-11-2025 21:19,5434.65,26.7,45,154,176,0.06,0.06
05-11-2025 21:19,5449.76,26.4,45,154,186,0.06,0.04
05-11-2025 21:19,5464.87,26.6,45,155,184,0.06,0.06
05-11-2025 21:20,5479.97,26.8,45,156,184,0.06,0.04
05-11-2025 21:20,5495.08,26.9,45,160,186,0.06,0.06
05-11-2025 21:20,5510.19,26.4,45,159,179,0.06,0.06
05-11-2025 21:20,5525.3,26.4,45,158,185,0.06,0.05
05-11-2025 21:21,5540.4,26.1,45,158,185,0.06,0.06
05-11-2025 21:21,5555.51,26.8,45,158,185,0.06,0.05
05-11-2025 21:21,5570.62,26.9,45,165,193,0.06,0.06
05-11-2025 21:21,5585.72,26.2,45,164,192,0.06,0.05
05-11-2025 21:22,5600.83,26.1,45,164,192,0.06,0.06
05-11-2025 21:22,5615.94,26.2,45,160,189,0.06,0.05
05-11-2025 21:22,5631.05,26.6,45,155,180,0.06,0.05
05-11-2025 21:22,5646.15,26.9,45,161,188,0.06,0.05
05-11-2025 21:23,5661.26,26.6,45,158,186,0.06,0.05
05-11-2025 21:23,5676.37,26.9,45,154,177,0.06,0.06
05-11-2025 21:23,5691.48,26.2,45,159,181,0.06,0.04
05-11-2025 21:23,5706.58,26.5,45,162,185,0.05,0.04
05-11-2025 21:24,5721.69,26.9,44,161,185,0.06,0.06
05-11-2025 21:24,5736.8,26,44,160,186,0.06,0.04
05-11-2025 21:24,5751.9,26.9,45,161,186,0.06,0.06
05-11-2025 21:24,5767.01,26.1,45,160,184,0.06,0.05
05-11-2025 21:25,5782.12,26,44,161,185,0.06,0.06
05-11-2025 21:25,5797.23,26.8,45,161,184,0.06,0.05
05-11-2025 21:25,5812.33,26.4,44,161,185,0.06,0.06
05-11-2025 21:25,5827.44,26.2,44,159,185,0.05,0.06
05-11-2025 21:26,5842.55,26.2,44,158,183,0.05,0.05
05-11-2025 21:26,5857.65,26.9,46,160,180,0.06,0.06
05-11-2025 21:26,5872.76,26.1,45,165,188,0.06,0.05
05-11-2025 21:26,5887.87,26.7,45,165,188,0.06,0.05
05-11-2025 21:27,5902.98,26.8,44,164,190,0.06,0.04
05-11-2025 21:27,5918.08,26.2,44,164,190,0.06,0.05
05-11-2025 21:27,5933.19,26.3,44,164,191,0.06,0.05
05-11-2025 21:27,5948.3,26.6,44,157,179,0.06,0.05
05-11-2025 21:28,5963.4,26.9,44,156,179,0.06,0.05
05-11-2025 21:28,5978.51,26.8,45,158,183,0.06,0.05
05-11-2025 21:28,5993.62,26.8,44,165,191,0.06,0.06
05-11-2025 21:28,6008.73,26.1,45,162,189,0.06,0.06
05-11-2025 21:29,6023.83,26.6,45,162,188,0.06,0.06
05-11-2025 21:29,6038.94,26.5,44,162,188,0.06,0.06
05-11-2025 21:29,6054.05,26.7,45,165,194,0.06,0.05
05-11-2025 21:29,6069.16,26,45,165,194,0.06,0.06
05-11-2025 21:30,6084.27,26.2,45,164,192,0.05,0.05
05-11-2025 21:30,6099.37,26.2,44,161,185,0.06,0.06
05-11-2025 21:30,6114.48,26.2,44,163,188,0.06,0.06
05-11-2025 21:30,6129.59,26.1,44,163,189,0.06,0.05
05-11-2025 21:31,6144.69,26.4,44,165,189,0.06,0.06
05-11-2025 21:31,6159.8,26.9,45,163,188,0.06,0.05
05-11-2025 21:31,6174.91,26.9,44,163,188,0.06,0.06
05-11-2025 21:31,6190.02,26,44,162,186,0.06,0.04
05-11-2025 21:32,6205.12,26,44,162,186,0.06,0.06
05-11-2025 21:32,6220.23,26,44,161,185,0.06,0.06
05-11-2025 21:32,6235.34,26.8,44,162,185,0.06,0.05
05-11-2025 21:32,6250.44,26.7,44,169,193,0.06,0.06
05-11-2025 21:33,6265.55,26.6,44,167,190,0.06,0.05
05-11-2025 21:33,6280.66,26.8,45,163,188,0.06,0.06
05-11-2025 21:33,6295.77,26.7,44,164,190,0.06,0.05
05-11-2025 21:33,6310.88,26.4,44,165,190,0.06,0.05
05-11-2025 21:34,6325.98,26.9,44,166,192,0.06,0.06
05-11-2025 21:34,6341.09,26.7,44,164,189,0.05,0.04
05-11-2025 21:34,6356.2,26.7,44,163,189,0.06,0.06
05-11-2025 21:34,6371.31,26.6,44,166,191,0.05,0.04
05-11-2025 21:35,6386.41,26.2,44,167,191,0.06,0.06
05-11-2025 21:35,6401.52,26.9,44,166,190,0.06,0.04
05-11-2025 21:35,6416.63,26.5,44,167,193,0.06,0.05
05-11-2025 21:35,6431.73,26.2,44,169,196,0.05,0.05
05-11-2025 21:36,6446.84,26.1,44,169,191,0.05,0.05
05-11-2025 21:36,6461.95,26.5,44,165,192,0.05,0.06
05-11-2025 21:36,6477.06,26.4,44,164,189,0.05,0.04
05-11-2025 21:36,6492.16,26.5,44,164,189,0.05,0.06
05-11-2025 21:37,6507.27,26.9,44,164,190,0.05,0.04
05-11-2025 21:37,6522.38,26.8,44,168,196,0.05,0.06
05-11-2025 21:37,6537.48,26.3,44,168,193,0.05,0.06
05-11-2025 21:37,6552.59,26.8,44,168,193,0.05,0.04
05-11-2025 21:38,6567.7,26.3,44,172,197,0.05,0.05
05-11-2025 21:38,6582.81,26.6,44,173,197,0.05,0.04
05-11-2025 21:38,6597.91,26.1,44,175,198,0.05,0.06
05-11-2025 21:38,6613.02,26.4,44,173,200,0.05,0.05
05-11-2025 21:39,6628.13,26.9,44,175,203,0.05,0.05
05-11-2025 21:39,6643.24,26.8,44,174,203,0.05,0.05
05-11-2025 21:39,6658.34,26.1,44,172,198,0.05,0.05
05-11-2025 21:39,6673.45,26.3,44,174,197,0.05,0.06
05-11-2025 21:40,6688.56,26.8,44,174,197,0.05,0.05
05-11-2025 21:40,6703.66,26.1,44,177,207,0.05,0.06
05-11-2025 21:40,6718.77,26.4,44,180,210,0.05,0.05
05-11-2025 21:40,6733.88,26.1,44,180,210,0.05,0.06
05-11-2025 21:41,6748.98,26.6,44,173,205,0.05,0.05
05-11-2025 21:41,6764.09,26,44,174,206,0.05,0.05
05-11-2025 21:41,6779.2,26.9,44,175,206,0.05,0.06
05-11-2025 21:41,6794.31,26.8,44,179,208,0.05,0.05
05-11-2025 21:42,6809.41,26.2,44,179,206,0.05,0.05
05-11-2025 21:42,6824.52,26.1,44,179,208,0.05,0.05
05-11-2025 21:42,6839.63,26.4,44,180,208,0.05,0.05
05-11-2025 21:42,6854.73,26.9,44,180,206,0.05,0.05
05-11-2025 21:43,6869.84,26.8,44,180,212,0.05,0.05
05-11-2025 21:43,6884.95,26.2,44,181,209,0.05,0.06
05-11-2025 21:43,6900.06,26,44,174,204,0.05,0.04
05-11-2025 21:43,6915.17,26.6,44,176,206,0.05,0.06
05-11-2025 21:44,6930.27,26.9,44,175,204,0.05,0.06
05-11-2025 21:44,6945.38,26.9,44,176,204,0.05,0.05
05-11-2025 21:44,6960.49,26.8,44,181,209,0.06,0.06
05-11-2025 21:44,6975.6,26.1,44,182,210,0.05,0.05
05-11-2025 21:45,6990.7,26.6,44,177,207,0.05,0.05
05-11-2025 21:45,7005.81,26,44,177,206,0.05,0.05
05-11-2025 21:45,7020.92,26.9,44,181,204,0.05,0.05
05-11-2025 21:45,7036.03,26.7,44,181,205,0.05,0.06
05-11-2025 21:46,7051.14,26.8,44,180,208,0.05,0.05
05-11-2025 21:46,7066.24,26.1,44,180,208,0.05,0.06
05-11-2025 21:46,7081.35,26.5,44,180,208,0.05,0.05
05-11-2025 21:46,7096.46,26.2,44,183,206,0.05,0.06
05-11-2025 21:47,7111.57,26,44,182,205,0.05,0.05
05-11-2025 21:47,7126.67,26.9,44,185,211,0.05,0.05
05-11-2025 21:47,7141.78,26.6,44,184,211,0.05,0.06
05-11-2025 21:48,7156.89,26.9,44,184,211,0.05,0.04
05-11-2025 21:48,7171.99,26.9,44,184,211,0.05,0.05
05-11-2025 21:48,7187.1,26.8,44,184,213,0.05,0.05
05-11-2025 21:48,7202.21,26.3,44,185,216,0.05,0.06
05-11-2025 21:49,7217.32,26.7,44,181,205,0.05,0.05
05-11-2025 21:49,7232.43,26.9,44,189,218,0.05,0.06
05-11-2025 21:49,7247.53,26.8,44,188,216,0.05,0.06
05-11-2025 21:49,7262.64,26.2,43,188,216,0.05,0.04
05-11-2025 21:50,7277.75,26.9,44,188,217,0.05,0.05
05-11-2025 21:50,7292.86,26.8,44,195,224,0.05,0.04
05-11-2025 21:50,7307.97,26.2,43,199,228,0.05,0.06
05-11-2025 21:50,7323.07,26,43,201,222,0.05,0.05
05-11-2025 21:51,7338.18,26.6,43,199,219,0.05,0.04
05-11-2025 21:51,7353.29,26.6,44,199,219,0.05,0.05
05-11-2025 21:51,7368.4,26.9,44,198,223,0.05,0.05
05-11-2025 21:51,7383.5,26.9,44,198,224,0.05,0.06
05-11-2025 21:52,7398.61,26.8,43,191,220,0.05,0.05
05-11-2025 21:52,7413.72,26.4,43,190,221,0.05,0.06
05-11-2025 21:52,7428.83,26.6,43,190,221,0.05,0.05
05-11-2025 21:52,7443.93,26.4,43,190,221,0.05,0.05
05-11-2025 21:53,7459.04,26.7,43,189,221,0.05,0.04
05-11-2025 21:53,7474.15,26.6,44,189,220,0.05,0.05
05-11-2025 21:53,7489.25,26,44,189,220,0.05,0.06
05-11-2025 21:53,7504.36,26.7,43,192,222,0.05,0.05
05-11-2025 21:54,7519.47,26.6,43,192,222,0.05,0.05
05-11-2025 21:54,7534.58,26.5,43,189,223,0.05,0.06
05-11-2025 21:54,7549.68,26.3,43,195,227,0.05,0.05
05-11-2025 21:54,7564.79,26.6,43,194,224,0.05,0.05
05-11-2025 21:55,7579.9,26.5,43,196,225,0.05,0.04
05-11-2025 21:55,7595.01,26.4,43,197,227,0.05,0.05
05-11-2025 21:55,7610.11,26.6,43,194,222,0.05,0.05
05-11-2025 21:55,7625.22,26.3,43,200,231,0.05,0.06
05-11-2025 21:56,7640.33,26.6,43,200,231,0.05,0.05
05-11-2025 21:56,7655.44,26.9,43,195,226,0.05,0.04
05-11-2025 21:56,7670.55,26.8,43,195,230,0.05,0.06
05-11-2025 21:56,7685.66,26.2,43,194,224,0.05,0.05
05-11-2025 21:57,7700.76,26.6,43,195,225,0.05,0.05
05-11-2025 21:57,7715.87,26.9,43,195,226,0.05,0.05
05-11-2025 21:57,7730.98,26,43,196,226,0.05,0.05
05-11-2025 21:57,7746.08,26.6,43,195,226,0.05,0.06
05-11-2025 21:58,7761.19,26,43,195,226,0.05,0.05
05-11-2025 21:58,7776.3,26.7,43,194,224,0.05,0.06
05-11-2025 21:58,7791.41,26.7,43,199,229,0.05,0.05
05-11-2025 21:58,7806.52,26.9,43,195,224,0.05,0.06
05-11-2025 21:59,7821.62,26.7,44,198,231,0.05,0.05
05-11-2025 21:59,7836.73,26.1,44,198,231,0.05,0.05
05-11-2025 21:59,7851.84,26.1,43,200,229,0.05,0.06
05-11-2025 21:59,7866.94,26,44,200,229,0.06,0.05
05-11-2025 22:00,7882.05,26.1,44,200,229,0.05,0.06
05-11-2025 22:00,7897.16,26,43,201,228,0.05,0.04
05-11-2025 22:00,7912.27,26.9,43,197,226,0.05,0.06
05-11-2025 22:00,7927.37,26.5,43,192,224,0.05,0.05
05-11-2025 22:01,7942.48,26.9,43,197,227,0.05,0.05
05-11-2025 22:01,7957.59,26.4,44,198,233,0.05,0.06
05-11-2025 22:01,7972.7,26.3,44,192,225,0.05,0.04
05-11-2025 22:01,7987.81,26.2,43,195,227,0.05,0.04
05-11-2025 22:02,8002.91,26.6,43,195,227,0.05,0.05
05-11-2025 22:02,8018.02,26.7,43,195,228,0.05,0.06
05-11-2025 22:02,8033.13,26.3,43,194,226,0.05,0.05
05-11-2025 22:02,8048.24,26.8,43,198,227,0.05,0.04
05-11-2025 22:03,8063.34,26.5,43,202,233,0.05,0.05
05-11-2025 22:03,8078.45,26.5,43,204,235,0.05,0.04
05-11-2025 22:03,8093.56,26.4,43,209,239,0.05,0.05
05-11-2025 22:03,8108.67,26.6,43,206,239,0.05,0.05
05-11-2025 22:04,8123.77,26.6,43,203,230,0.05,0.06
05-11-2025 22:04,8138.88,26.3,43,201,232,0.05,0.05
05-11-2025 22:04,8153.99,26.3,43,201,232,0.05,0.06
05-11-2025 22:04,8169.1,26.4,43,202,233,0.05,0.06
05-11-2025 22:05,8184.2,26.5,43,201,233,0.05,0.04
05-11-2025 22:05,8199.31,26.2,43,199,229,0.05,0.06
05-11-2025 22:05,8214.42,26.7,43,198,229,0.05,0.04
05-11-2025 22:05,8229.53,26.5,43,200,233,0.05,0.06
05-11-2025 22:06,8244.63,26.9,43,200,233,0.05,0.04
05-11-2025 22:06,8259.74,26,43,199,232,0.05,0.04
05-11-2025 22:06,8274.85,26.8,43,198,229,0.05,0.05
05-11-2025 22:06,8289.96,26.6,43,198,228,0.05,0.04
05-11-2025 22:07,8305.06,26.8,43,198,229,0.05,0.05
05-11-2025 22:07,8320.17,26.5,43,200,233,0.05,0.05
05-11-2025 22:07,8335.28,26.3,43,201,234,0.05,0.05
05-11-2025 22:07,8350.39,26.9,43,198,231,0.05,0.05
05-11-2025 22:08,8365.49,26.1,43,201,235,0.05,0.06
05-11-2025 22:08,8380.6,26.8,43,200,234,0.05,0.04
05-11-2025 22:08,8395.71,26.3,44,200,234,0.06,0.04
05-11-2025 22:08,8410.81,26.9,43,199,231,0.05,0.06
05-11-2025 22:09,8425.92,26.9,44,210,239,0.06,0.05
05-11-2025 22:09,8441.03,26.1,43,205,237,0.06,0.06
05-11-2025 22:09,8456.14,26.6,43,202,229,0.05,0.05
05-11-2025 22:09,8471.24,26.6,43,203,230,0.05,0.05
05-11-2025 22:10,8486.35,26.9,43,206,234,0.05,0.06
05-11-2025 22:10,8501.46,26,43,204,231,0.05,0.05
05-11-2025 22:10,8516.56,26.9,43,203,231,0.05,0.05
05-11-2025 22:10,8531.67,26.3,43,203,231,0.05,0.04
05-11-2025 22:11,8546.78,26.5,43,203,233,0.05,0.06
05-11-2025 22:11,8561.89,26.7,43,209,241,0.05,0.05
05-11-2025 22:11,8576.99,26.9,43,209,242,0.05,0.06
05-11-2025 22:11,8592.1,26,43,207,239,0.05,0.06
05-11-2025 22:12,8607.21,26.3,42,213,245,0.05,0.05
05-11-2025 22:12,8622.31,26.4,42,213,244,0.05,0.06
